-- phpMyAdmin SQL Dump
-- version 4.6.5.2
-- https://www.phpmyadmin.net/
--
-- Host: localhost
-- Generation Time: 2016-12-26 01:01:14
-- 服务器版本： 5.7.16
-- PHP Version: 5.6.29

SET SQL_MODE = "NO_AUTO_VALUE_ON_ZERO";
SET time_zone = "+00:00";


/*!40101 SET @OLD_CHARACTER_SET_CLIENT=@@CHARACTER_SET_CLIENT */;
/*!40101 SET @OLD_CHARACTER_SET_RESULTS=@@CHARACTER_SET_RESULTS */;
/*!40101 SET @OLD_COLLATION_CONNECTION=@@COLLATION_CONNECTION */;
/*!40101 SET NAMES utf8mb4 */;

--
-- Database: `shop`
--

-- --------------------------------------------------------

--
-- 表的结构 `adminuser`
--

CREATE TABLE `adminuser` (
  `uid` int(11) NOT NULL,
  `username` varchar(255) DEFAULT NULL,
  `password` varchar(255) DEFAULT NULL
) ENGINE=InnoDB DEFAULT CHARSET=utf8;

--
-- 转存表中的数据 `adminuser`
--

INSERT INTO `adminuser` (`uid`, `username`, `password`) VALUES
(2, 'admin', 'admin'),
(3, 'lisi', '123456'),
(4, 'wangwu', '123456');

-- --------------------------------------------------------

--
-- 表的结构 `cartitem`
--

CREATE TABLE `cartitem` (
  `cartitemid` int(11) NOT NULL,
  `image` varchar(255) DEFAULT NULL,
  `pname` varchar(255) DEFAULT NULL,
  `shop_price` double DEFAULT NULL,
  `quantity` int(11) DEFAULT NULL,
  `pid` int(11) DEFAULT NULL,
  `uid` int(11) DEFAULT NULL
) ENGINE=InnoDB DEFAULT CHARSET=utf8;

-- --------------------------------------------------------

--
-- 表的结构 `category`
--

CREATE TABLE `category` (
  `cid` int(11) NOT NULL,
  `cname` varchar(255) DEFAULT NULL
) ENGINE=InnoDB DEFAULT CHARSET=utf8;

--
-- 转存表中的数据 `category`
--

INSERT INTO `category` (`cid`, `cname`) VALUES
(1, '女装男装'),
(2, '鞋靴箱包'),
(3, '运动户外'),
(4, '珠宝配饰'),
(5, '手机数码'),
(6, '家电办公'),
(7, '护肤彩妆'),
(10, '家居饰品');

-- --------------------------------------------------------

--
-- 表的结构 `categorysecond`
--

CREATE TABLE `categorysecond` (
  `csid` int(11) NOT NULL,
  `csname` varchar(255) DEFAULT NULL,
  `cid` int(11) DEFAULT NULL
) ENGINE=InnoDB DEFAULT CHARSET=utf8;

--
-- 转存表中的数据 `categorysecond`
--

INSERT INTO `categorysecond` (`csid`, `csname`, `cid`) VALUES
(1, '潮流女装', 1),
(2, '初冬羽绒', 1),
(3, '毛呢大衣', 1),
(4, '温暖毛衣', 1),
(5, '精选男装', 1),
(6, '冬季外套', 1),
(7, '羽绒服', 1),
(9, '女鞋', 2),
(10, '短靴', 2),
(11, '男鞋', 2),
(12, '女包', 2),
(13, '男包', 2),
(14, '服饰配件', 2),
(15, '运动鞋', 3),
(16, '运动服', 3),
(17, '户外运动', 3),
(18, '健身装备', 3),
(19, '骑行装备', 3),
(20, '珠宝首饰', 4),
(21, '时尚饰品', 4),
(22, '品质手表', 4),
(23, '眼镜配饰', 4),
(24, '手机', 5),
(25, '平板', 5),
(26, '电脑', 5),
(27, '相机', 5),
(28, '大家电', 6),
(29, '厨房电器', 6),
(30, '生活电器', 6),
(31, '个户电器', 6),
(32, '办公耗材', 6),
(33, '美容护肤', 7),
(34, '强效保养', 7),
(35, '超值彩妆', 7),
(36, '换季保养', 7),
(40, '组合柜222', 10);

-- --------------------------------------------------------

--
-- 表的结构 `orderitem`
--

CREATE TABLE `orderitem` (
  `itemid` int(11) NOT NULL,
  `count` int(11) DEFAULT NULL,
  `subtotal` double DEFAULT NULL,
  `pid` int(11) DEFAULT NULL,
  `oid` varchar(32) DEFAULT NULL
) ENGINE=InnoDB DEFAULT CHARSET=utf8;

--
-- 转存表中的数据 `orderitem`
--

INSERT INTO `orderitem` (`itemid`, `count`, `subtotal`, `pid`, `oid`) VALUES
(17, 1, 83, 68, '53d346e5592636ff0159264666640004'),
(18, 1, 119, 3, '53d346e5592636ff0159264666640004'),
(19, 1, 358, 51, '53d346e55926483a0159264d762d0000'),
(20, 1, 358, 51, '8a073db459113c72015926567c4f0000'),
(21, 1, 172, 2, '8a073db459113c72015926567c4f0000'),
(22, 1, 299, 60, '402881315927030401592703c5a80000'),
(23, 2, 456, 1, '402881315927030401592703c5a80000'),
(24, 1, 198, 21, '53d346f459299995015929a17bc40000'),
(25, 1, 119, 9, '53d346f459299995015929a19dc00001'),
(26, 1, 186, 41, '53d346f459299995015929a1e2b90002'),
(27, 1, 198, 30, '53d346f459299995015929a1e2b90002'),
(28, 5, 595, 3, '53d346f45929aa78015929bd2e350000'),
(29, 5, 595, 3, '53d346f45929aa78015929bd86720001'),
(30, 3, 516, 2, '53d346f4592a74d401592a75927d0000'),
(31, 2, 238, 3, '53d346f4592a74d401592a75927d0000'),
(32, 1, 358, 51, '53d346f4592a74d401592a7c8b780001'),
(33, 1, 172, 2, '53d346f4592a74d401592a7f29eb0002'),
(34, 2, 238, 3, '53d346f4592a74d401592a7f29eb0002'),
(35, 2, 456, 1, '53d346f4592a74d401592a7f29eb0002'),
(36, 1, 172, 2, '53d346f4592a93ba01592a9474ee0000'),
(37, 1, 119, 3, '53d346f4592a93ba01592a9474ee0000'),
(38, 1, 83, 68, '40288131592b048601592b07250d0000'),
(39, 2, 19800, 12, '40288131592c706701592c7aafa40000'),
(40, 1, 119, 3, '40288131592c706701592c7aafa40000'),
(41, 3, 474, 10, '40288131592c706701592c7aafa40000'),
(42, 2, 456, 1, '40288131592c706701592c7aafa40000'),
(43, 2, 166, 71, '40288131592c706701592c7b0ed50001'),
(44, 3, 249, 72, '40288131592c706701592c7b0ed50001'),
(45, 1, 83, 72, '40288131592c706701592c7b4eb40002'),
(46, 2, 372, 35, '40288131592c706701592c7be6700003'),
(47, 2, 598, 56, '40288131592c706701592c7be6700003'),
(48, 1, 358, 43, '40288131592c706701592c7be6700003'),
(49, 1, 198, 22, '40288131592c706701592c7c2fd40004'),
(50, 1, 186, 31, '40288131592c706701592c7c5e9f0005'),
(51, 4, 912, 1, '8a073db4592cbe8601592cc69da20000'),
(52, 1, 119, 3, '8a073db4592cbe860159368c87e90001'),
(53, 1, 186, 35, '8a073db4592cbe860159368c87e90001'),
(54, 2, 716, 51, '4028aa1b5936cd82015936cf62040000'),
(55, 3, 684, 1, '4028aa1b5936cd82015936cf62040000');

-- --------------------------------------------------------

--
-- 表的结构 `orders`
--

CREATE TABLE `orders` (
  `oid` varchar(32) NOT NULL,
  `total` double DEFAULT NULL,
  `ordertime` datetime DEFAULT NULL,
  `state` int(11) DEFAULT NULL,
  `name` varchar(20) DEFAULT NULL,
  `phone` varchar(20) DEFAULT NULL,
  `addr` varchar(50) DEFAULT NULL,
  `uid` int(11) DEFAULT NULL,
  `USER` int(11) DEFAULT NULL
) ENGINE=InnoDB DEFAULT CHARSET=utf8;

--
-- 转存表中的数据 `orders`
--

INSERT INTO `orders` (`oid`, `total`, `ordertime`, `state`, `name`, `phone`, `addr`, `uid`, `USER`) VALUES
('402881315927030401592703c5a80000', 755, '2016-12-22 22:51:16', 5, '黄锋', '18996122464', '重庆工商大学主校区南11', 7, NULL),
('40288131592b048601592b07250d0000', 83, '2016-12-23 17:33:26', 1, '黄锋', '18996122464', '重庆工商大学主校区', 7, NULL),
('40288131592c706701592c7aafa40000', 20849, '2016-12-24 00:19:15', 4, '张三', '111020202', '北京市', 9, NULL),
('40288131592c706701592c7b0ed50001', 415, '2016-12-24 00:19:39', 3, '张三', '111020202', '北京市', 9, NULL),
('40288131592c706701592c7b4eb40002', 83, '2016-12-24 00:19:56', 3, '张三', '111020202', '北京市', 9, NULL),
('40288131592c706701592c7be6700003', 1328, '2016-12-24 00:20:35', 1, '李四', '1384656892', '上海市', 10, NULL),
('40288131592c706701592c7c2fd40004', 198, '2016-12-24 00:20:53', 2, '李四', '1384656892', '上海市', 10, NULL),
('40288131592c706701592c7c5e9f0005', 186, '2016-12-24 00:21:05', 3, '李四', '1384656892', '上海市', 10, NULL),
('4028aa1b5936cd82015936cf62040000', 1400, '2016-12-26 00:27:58', 1, '黄锋', '18996122464', '重庆工商大学主校区', 7, NULL),
('53d346e5592636ff0159264666640004', 202, '2016-12-22 19:24:25', 3, '姜涛', '15726607618', '北京市西三旗中腾建华3楼', 7, NULL),
('53d346e55926483a0159264d762d0000', 358, '2016-12-22 19:32:08', 3, '姜涛', '15726607618', '北京市西三旗中腾建华3楼', 7, NULL),
('53d346f459299995015929a17bc40000', 198, '2016-12-23 11:02:46', 3, '罗铃', '18580767267', '重庆市江津区吴滩镇', 8, NULL),
('53d346f459299995015929a19dc00001', 119, '2016-12-23 11:02:55', 3, '罗铃', '18580767267', '重庆市江津区吴滩镇', 8, NULL),
('53d346f459299995015929a1e2b90002', 384, '2016-12-23 11:03:12', 1, '罗铃', '18580767267', '重庆市江津区吴滩镇', 8, NULL),
('53d346f45929aa78015929bd2e350000', 595, '2016-12-23 11:33:01', 1, '罗铃', '18580767267', '重庆市江津区吴滩镇', 8, NULL),
('53d346f45929aa78015929bd86720001', 595, '2016-12-23 11:33:24', 2, '罗铃', '18580767267', '重庆市江津区吴滩镇', 8, NULL),
('53d346f4592a74d401592a75927d0000', 754, '2016-12-23 14:54:25', 1, '罗铃', '18580767267', '重庆市江津区吴滩镇', 8, NULL),
('53d346f4592a74d401592a7c8b780001', 358, '2016-12-23 15:02:02', 4, '罗铃', '18580767267', '重庆市江津区吴滩镇', 8, NULL),
('53d346f4592a74d401592a7f29eb0002', 866, '2016-12-23 15:04:54', 3, '罗铃', '18580767267', '重庆市江津区吴滩镇', 8, NULL),
('53d346f4592a93ba01592a9474ee0000', 291, '2016-12-23 15:28:09', 1, '罗铃', '18580767267', '重庆市江津区吴滩镇', 8, NULL),
('8a073db459113c72015926567c4f0000', 530, '2016-12-22 19:41:59', 4, '姜涛', '15726607618', '北京市西三旗中腾建华3楼', 7, NULL),
('8a073db4592cbe8601592cc69da20000', 912, '2016-12-24 00:04:11', 1, '张三', '111020202', '北京市', 9, NULL),
('8a073db4592cbe860159368c87e90001', 305, '2016-12-25 23:14:57', 1, '罗铃', '18580767267', '重庆市江津区吴滩镇', 8, NULL);

-- --------------------------------------------------------

--
-- 表的结构 `product`
--

CREATE TABLE `product` (
  `pid` int(11) NOT NULL,
  `pname` varchar(255) DEFAULT NULL,
  `market_price` double DEFAULT NULL,
  `shop_price` double DEFAULT NULL,
  `image` varchar(255) DEFAULT NULL,
  `pdesc` varchar(255) DEFAULT NULL,
  `is_hot` int(11) DEFAULT NULL,
  `pdate` datetime DEFAULT NULL,
  `csid` int(11) DEFAULT NULL,
  `quantity` int(11) DEFAULT NULL,
  `supplier` int(11) DEFAULT NULL
) ENGINE=InnoDB DEFAULT CHARSET=utf8;

--
-- 转存表中的数据 `product`
--

INSERT INTO `product` (`pid`, `pname`, `market_price`, `shop_price`, `image`, `pdesc`, `is_hot`, `pdate`, `csid`, `quantity`, `supplier`) VALUES
(1, '韩版连帽加厚毛衣女外套', 558, 228, 'products/1/cs10001.jpg', '双11限量200件，拍完下架，加车享优惠，早下手早发货。。秋冬个性中长款毛衣，美丽和温度同在！限量供应，拒绝撞衫！迫于纱线和人工在不断上涨的双重压力下，产品涨价在即！少量现货出售中，手快有，手慢等哦，赶紧抢哦，绝对高大上。', 1, '2016-12-23 15:08:15', 1, 0, 2),
(2, '女装立领长袖拼接PU皮毛呢外套', 436, 172, 'products/1/cs10002.jpg', '【现在拍下并支付定金，即可获得双12当天10元无门槛优惠券一张。注：只限有预付定金款~优惠券统一在12月11号发放】 毛呢外套 整洁干练的长款版型 整个肩部给予皮绒拼接 与毛呢一起撑起品质感 立领 长袖 肩部往下做流行加层拼接 一粒扣收合门襟 特意做的夹棉里层（袖里无） 不必再畏惧冷冽寒风', 0, '2016-12-23 15:43:34', 1, 2, 2),
(3, '韩版女装翻领羔绒夹棉格子毛呢外套', 238, 119, 'products/1/cs10003.jpg', '外套款。 称为棉衣也不为过 或者因为它的表层毛呢　称呼为毛呢外套 ｙａｎｇ　羔绒位于翻领及袖口 从视觉着手　带来温暖无限 夹棉里衬（袖里也有）再次提升御寒功能 流行元素上　选择红黑格纹理　大气而又经典 金属拉链开叉　插袋自不会少', 0, '2016-12-23 15:07:23', 1, 4, 2),
(4, '韩版女装翻领羔绒夹棉格子毛呢外套', 238, 119, 'products/1/cs10004.jpg', '外套款。 称为棉衣也不为过 或者因为它的表层毛呢　称呼为毛呢外套 ｙａｎｇ　羔绒位于翻领及袖口 从视觉着手　带来温暖无限 夹棉里衬（袖里也有）再次提升御寒功能 流行元素上　选择红黑格纹理　大气而又经典 金属拉链开叉　插袋自不会少', 0, '2014-12-07 20:18:00', 1, 5, 2),
(5, '韩版女装翻领羔绒夹棉格子毛呢外套', 238, 119, 'products/1/cs10005.jpg', '外套款。 称为棉衣也不为过 或者因为它的表层毛呢　称呼为毛呢外套 ｙａｎｇ　羔绒位于翻领及袖口 从视觉着手　带来温暖无限 夹棉里衬（袖里也有）再次提升御寒功能 流行元素上　选择红黑格纹理　大气而又经典 金属拉链开叉　插袋自不会少', 0, '2016-12-23 15:21:55', 1, 4, 2),
(6, '冬装韩版女装翻领羔绒夹棉格子毛呢外套', 238, 119, 'products/1/cs10006.jpg', '外套款。 称为棉衣也不为过 或者因为它的表层毛呢　称呼为毛呢外套 ｙａｎｇ　羔绒位于翻领及袖口 从视觉着手　带来温暖无限 夹棉里衬（袖里也有）再次提升御寒功能 流行元素上　选择红黑格纹理　大气而又经典 金属拉链开叉　插袋自不会少', 0, '2014-11-10 15:18:00', 1, 5, 2),
(7, '新款优雅奢华毛领白鸭绒轻薄羽绒服', 1120, 590, 'products/1/cs10007.jpg', '秋冬热卖款，今日特惠！库存有限，卖完即止！喜欢的赶紧出手哦！', 0, '2014-11-03 20:18:00', 1, 5, 2),
(8, '秋冬季毛呢外套女中长款圆领小香风呢子大衣', 672, 336, 'products/1/cs10008.jpg', '【双12预售】双12提前开抢，11月24日—12月11日抢先付预付款33.6元，12月12日付剩余尾款，先付先发货，提前引爆双12！！！买就【送】双十二10元无门槛优惠券！！！商家【赠】运费险！！！', 0, '2014-11-03 20:18:00', 1, 5, 2),
(9, '女装貉子毛大衣 时尚修身长袖淑女毛呢外套', 238, 119, 'products/1/cs10009.jpg', '秋冬热卖款，今日特惠！库存有限，卖完即止！喜欢的赶紧出手哦！', 0, '2014-11-03 20:18:00', 1, 5, 2),
(10, '修身显瘦淑女针织长袖打底连衣裙女', 356, 158, 'products/1/cs10010.jpg', '【1212万能盛典预售抢先购,早买早便宜！】定金15.80元，预售价158.00元，双12价涨价至178.00元!', 0, '2014-11-03 20:18:00', 1, 2, 2),
(11, '整貂皮大衣外套中长款收腰立领长袖进口真皮草裘皮', 19800, 9900, 'products/1/cs20001.jpg', '采用100%进口小母貂 毛皮结实柔软毛峰更有光泽 保暖效果极强。　 【正品保证】我们承诺100%整皮水貂 假一罚十 支持验货 无理由退换货 【售后保障】终身免费保养维修', 0, '2014-11-03 20:18:00', 2, 5, 2),
(12, '整貂皮大衣外套中长款收腰立领长袖进口真皮草裘皮', 19800, 9900, 'products/1/cs20002.jpg', '采用100%进口小母貂 毛皮结实柔软毛峰更有光泽 保暖效果极强。　 【正品保证】我们承诺100%整皮水貂 假一罚十 支持验货 无理由退换货 【售后保障】终身免费保养维修', 0, '2014-11-03 20:18:00', 2, 3, 2),
(13, '整貂皮大衣外套中长款收腰立领长袖进口真皮草裘皮', 19800, 9900, 'products/1/cs20003.jpg', '采用100%进口小母貂 毛皮结实柔软毛峰更有光泽 保暖效果极强。　 【正品保证】我们承诺100%整皮水貂 假一罚十 支持验货 无理由退换货 【售后保障】终身免费保养维修', 0, '2014-11-03 20:18:00', 2, 5, 2),
(14, '整貂皮大衣外套中长款收腰立领长袖进口真皮草裘皮', 19800, 9900, 'products/1/cs20004.jpg', '采用100%进口小母貂 毛皮结实柔软毛峰更有光泽 保暖效果极强。　 【正品保证】我们承诺100%整皮水貂 假一罚十 支持验货 无理由退换货 【售后保障】终身免费保养维修', 0, '2014-11-03 20:18:00', 2, 5, 2),
(15, '整貂皮大衣外套中长款收腰立领长袖进口真皮草裘皮', 19800, 9900, 'products/1/cs20005.jpg', '采用100%进口小母貂 毛皮结实柔软毛峰更有光泽 保暖效果极强。　 【正品保证】我们承诺100%整皮水貂 假一罚十 支持验货 无理由退换货 【售后保障】终身免费保养维修', 0, '2014-11-03 20:18:00', 2, 5, 2),
(16, '整貂皮大衣外套中长款收腰立领长袖进口真皮草裘皮', 19800, 9900, 'products/1/cs20006.jpg', '采用100%进口小母貂 毛皮结实柔软毛峰更有光泽 保暖效果极强。　 【正品保证】我们承诺100%整皮水貂 假一罚十 支持验货 无理由退换货 【售后保障】终身免费保养维修', 0, '2014-11-03 20:18:00', 2, 5, 2),
(17, '整貂皮大衣外套中长款收腰立领长袖进口真皮草裘皮', 19800, 9900, 'products/1/cs20007.jpg', '采用100%进口小母貂 毛皮结实柔软毛峰更有光泽 保暖效果极强。　 【正品保证】我们承诺100%整皮水貂 假一罚十 支持验货 无理由退换货 【售后保障】终身免费保养维修', 0, '2014-11-03 20:18:00', 2, 5, 2),
(18, '整貂皮大衣外套中长款收腰立领长袖进口真皮草裘皮', 19800, 9900, 'products/1/cs20008.jpg', '采用100%进口小母貂 毛皮结实柔软毛峰更有光泽 保暖效果极强。　 【正品保证】我们承诺100%整皮水貂 假一罚十 支持验货 无理由退换货 【售后保障】终身免费保养维修', 0, '2014-11-03 20:18:00', 2, 5, 2),
(19, '整貂皮大衣外套中长款收腰立领长袖进口真皮草裘皮', 19800, 9900, 'products/1/cs20009.jpg', '采用100%进口小母貂 毛皮结实柔软毛峰更有光泽 保暖效果极强。　 【正品保证】我们承诺100%整皮水貂 假一罚十 支持验货 无理由退换货 【售后保障】终身免费保养维修', 0, '2016-12-23 15:07:50', 2, 7, 2),
(20, '中长款貂皮大衣整貂女装', 17900, 7290, 'products/1/cs20010.jpg', '采用100%进口小母貂 毛皮结实柔软毛峰更有光泽 保暖效果极强。　 【正品保证】【售后保障】我们承诺100%整皮水貂 假一罚十 支持验货 无理由退换货', 0, '2014-11-03 20:18:00', 2, 5, 1),
(21, '韩版毛呢外套女韩范秋冬装厚中长款冬季呢子', 598, 198, 'products/1/cs30001.png', '今年韩国首尔爆款，超高端定制羊毛呢大衣，版型超美，不挑身材，不挑年龄，上身非常漂亮哦，适合任何场合，这个秋冬MM必备款哦。几乎人手一件，美丽时尚的你怎么能少了这件呢，现秋冬预热加十一到来，只需99元包邮，只限今天，今天过后马上涨价，早买早划算哦~', 1, '2014-11-03 20:18:00', 3, 5, 3),
(22, '韩版毛呢外套女韩范秋冬装厚中长款冬季呢子', 598, 198, 'products/1/cs30002.png', '今年韩国首尔爆款，超高端定制羊毛呢大衣，版型超美，不挑身材，不挑年龄，上身非常漂亮哦，适合任何场合，这个秋冬MM必备款哦。几乎人手一件，美丽时尚的你怎么能少了这件呢，现秋冬预热加十一到来，只需99元包邮，只限今天，今天过后马上涨价，早买早划算哦~', 0, '2014-11-03 20:18:00', 3, 4, 3),
(23, '韩版毛呢外套女韩范秋冬装厚中长款冬季呢子', 598, 198, 'products/1/cs30003.png', '今年韩国首尔爆款，超高端定制羊毛呢大衣，版型超美，不挑身材，不挑年龄，上身非常漂亮哦，适合任何场合，这个秋冬MM必备款哦。几乎人手一件，美丽时尚的你怎么能少了这件呢，现秋冬预热加十一到来，只需99元包邮，只限今天，今天过后马上涨价，早买早划算哦~', 0, '2014-11-03 20:18:00', 3, 5, 3),
(24, '韩版毛呢外套女韩范秋冬装厚中长款冬季呢子', 598, 198, 'products/1/cs30004.png', '今年韩国首尔爆款，超高端定制羊毛呢大衣，版型超美，不挑身材，不挑年龄，上身非常漂亮哦，适合任何场合，这个秋冬MM必备款哦。几乎人手一件，美丽时尚的你怎么能少了这件呢，现秋冬预热加十一到来，只需99元包邮，只限今天，今天过后马上涨价，早买早划算哦~', 0, '2014-11-03 20:18:00', 3, 5, 3),
(25, '韩版毛呢外套女韩范秋冬装厚中长款冬季呢子', 598, 198, 'products/1/cs30005.png', '今年韩国首尔爆款，超高端定制羊毛呢大衣，版型超美，不挑身材，不挑年龄，上身非常漂亮哦，适合任何场合，这个秋冬MM必备款哦。几乎人手一件，美丽时尚的你怎么能少了这件呢，现秋冬预热加十一到来，只需99元包邮，只限今天，今天过后马上涨价，早买早划算哦~', 0, '2014-11-03 20:18:00', 3, 5, 3),
(26, '韩版毛呢外套女韩范秋冬装厚中长款冬季呢子', 598, 198, 'products/1/cs30006.png', '今年韩国首尔爆款，超高端定制羊毛呢大衣，版型超美，不挑身材，不挑年龄，上身非常漂亮哦，适合任何场合，这个秋冬MM必备款哦。几乎人手一件，美丽时尚的你怎么能少了这件呢，现秋冬预热加十一到来，只需99元包邮，只限今天，今天过后马上涨价，早买早划算哦~', 0, '2014-11-03 20:18:00', 3, 5, 3),
(27, '韩版毛呢外套女韩范秋冬装厚中长款冬季呢子', 598, 198, 'products/1/cs30007.png', '今年韩国首尔爆款，超高端定制羊毛呢大衣，版型超美，不挑身材，不挑年龄，上身非常漂亮哦，适合任何场合，这个秋冬MM必备款哦。几乎人手一件，美丽时尚的你怎么能少了这件呢，现秋冬预热加十一到来，只需99元包邮，只限今天，今天过后马上涨价，早买早划算哦~', 0, '2014-11-03 20:18:00', 3, 5, 3),
(28, '韩版毛呢外套女韩范秋冬装厚中长款冬季呢子', 598, 198, 'products/1/cs30008.png', '今年韩国首尔爆款，超高端定制羊毛呢大衣，版型超美，不挑身材，不挑年龄，上身非常漂亮哦，适合任何场合，这个秋冬MM必备款哦。几乎人手一件，美丽时尚的你怎么能少了这件呢，现秋冬预热加十一到来，只需99元包邮，只限今天，今天过后马上涨价，早买早划算哦~', 0, '2014-11-03 20:18:00', 3, 5, 3),
(29, '韩版毛呢外套女韩范秋冬装厚中长款冬季呢子', 598, 198, 'products/1/cs30009.png', '今年韩国首尔爆款，超高端定制羊毛呢大衣，版型超美，不挑身材，不挑年龄，上身非常漂亮哦，适合任何场合，这个秋冬MM必备款哦。几乎人手一件，美丽时尚的你怎么能少了这件呢，现秋冬预热加十一到来，只需99元包邮，只限今天，今天过后马上涨价，早买早划算哦~', 0, '2014-11-03 20:18:00', 3, 5, 3),
(30, '韩版毛呢外套女韩范秋冬装厚中长款冬季呢子', 598, 198, 'products/1/cs30010.png', '今年韩国首尔爆款，超高端定制羊毛呢大衣，版型超美，不挑身材，不挑年龄，上身非常漂亮哦，适合任何场合，这个秋冬MM必备款哦。几乎人手一件，美丽时尚的你怎么能少了这件呢，现秋冬预热加十一到来，只需99元包邮，只限今天，今天过后马上涨价，早买早划算哦~', 0, '2014-11-10 20:18:00', 3, 5, 3),
(31, '打底衫加厚修身羊毛衫女装羊绒衫', 387, 186, 'products/1/cs40001.png', '本产品 不起球 不掉色 不缩水 是一款贴身必备的厚款羊绒衫 质量保证支持退换', 0, '2014-11-03 20:18:00', 4, 4, 3),
(32, '打底衫加厚修身羊毛衫女装羊绒衫', 387, 186, 'products/1/cs40002.png', '本产品 不起球 不掉色 不缩水 是一款贴身必备的厚款羊绒衫 质量保证支持退换', 0, '2014-11-03 20:18:00', 4, 5, 3),
(33, '打底衫加厚修身羊毛衫女装羊绒衫', 387, 186, 'products/1/cs40003.png', '本产品 不起球 不掉色 不缩水 是一款贴身必备的厚款羊绒衫 质量保证支持退换', 0, '2014-11-03 20:18:00', 4, 5, 3),
(34, '性感时尚 酷感黑色小圆领露肩修身长袖针织衫', 387, 186, 'products/1/cs40004.jpg', '本产品 不起球 不掉色 不缩水 是一款贴身必备的厚款羊绒衫 质量保证支持退换', 0, '2014-11-03 20:18:00', 4, 5, 3),
(35, '韩版黑色打底衫加厚修身羊毛衫女装羊绒衫', 387, 186, 'products/1/cs40005.png', '本产品 不起球 不掉色 不缩水 是一款贴身必备的厚款羊绒衫 质量保证支持退换', 1, '2014-11-03 20:18:00', 4, 2, 3),
(36, '韩版黑色打底衫加厚修身羊毛衫女装羊绒衫', 387, 186, 'products/1/cs40006.png', '本产品 不起球 不掉色 不缩水 是一款贴身必备的厚款羊绒衫 质量保证支持退换', 0, '2014-11-03 20:18:00', 4, 5, 3),
(37, '韩版黑色打底衫加厚修身羊毛衫女装羊绒衫', 387, 186, 'products/1/cs40007.png', '本产品 不起球 不掉色 不缩水 是一款贴身必备的厚款羊绒衫 质量保证支持退换', 0, '2014-11-03 20:18:00', 4, 5, 3),
(38, '韩版黑色打底衫加厚修身羊毛衫女装羊绒衫', 387, 186, 'products/1/cs40008.png', '本产品 不起球 不掉色 不缩水 是一款贴身必备的厚款羊绒衫 质量保证支持退换', 0, '2014-11-03 20:18:00', 4, 5, 3),
(39, '韩版黑色打底衫加厚修身羊毛衫女装羊绒衫', 387, 186, 'products/1/cs40009.png', '本产品 不起球 不掉色 不缩水 是一款贴身必备的厚款羊绒衫 质量保证支持退换', 0, '2014-11-03 20:18:00', 4, 5, 3),
(40, '韩版黑色打底衫加厚修身羊毛衫女装羊绒衫', 387, 186, 'products/1/cs40010.png', '本产品 不起球 不掉色 不缩水 是一款贴身必备的厚款羊绒衫 质量保证支持退换', 0, '2014-11-03 20:18:00', 4, 5, 2),
(41, '韩版黑色打底衫加厚修身羊毛衫女装羊绒衫', 387, 186, 'products/1/cs40011.png', '本产品 不起球 不掉色 不缩水 是一款贴身必备的厚款羊绒衫 质量保证支持退换', 1, '2014-11-03 20:18:00', 4, 5, 3),
(42, '冬装外套棉衣立领修身商务大码男装潮牌上衣', 899, 358, 'products/1/cs50001.png', '【型男卖点简介】该款凭借其独特的设计、精选的面料和一致的时尚理念，以质感都市，充满时尚感的设计风格， 简约毛呢大衣，修身不变形，不起球，国际大牌一样的面料！面料成分：77.8%聚酯纤维+22.2%粘纤 秋冬简约修身防静电呢风衣外套', 1, '2014-11-03 20:18:00', 5, 5, 3),
(43, '冬装外套棉衣立领修身商务大码男装潮牌上衣', 899, 358, 'products/1/cs50002.png', '【型男卖点简介】该款凭借其独特的设计、精选的面料和一致的时尚理念，以质感都市，充满时尚感的设计风格， 简约毛呢大衣，修身不变形，不起球，国际大牌一样的面料！面料成分：77.8%聚酯纤维+22.2%粘纤 秋冬简约修身防静电呢风衣外套', 0, '2014-11-03 20:18:00', 5, 4, 3),
(44, '冬装外套棉衣立领修身商务大码男装潮牌上衣', 899, 358, 'products/1/cs50003.png', '【型男卖点简介】该款凭借其独特的设计、精选的面料和一致的时尚理念，以质感都市，充满时尚感的设计风格， 简约毛呢大衣，修身不变形，不起球，国际大牌一样的面料！面料成分：77.8%聚酯纤维+22.2%粘纤 秋冬简约修身防静电呢风衣外套', 1, '2014-11-03 20:18:00', 5, 5, 3),
(45, '冬装外套棉衣立领修身商务大码男装潮牌上衣', 899, 358, 'products/1/cs50004.png', '【型男卖点简介】该款凭借其独特的设计、精选的面料和一致的时尚理念，以质感都市，充满时尚感的设计风格， 简约毛呢大衣，修身不变形，不起球，国际大牌一样的面料！面料成分：77.8%聚酯纤维+22.2%粘纤 秋冬简约修身防静电呢风衣外套', 0, '2014-12-07 20:18:00', 5, 5, 3),
(46, '冬装外套棉衣立领修身商务大码男装潮牌上衣', 899, 358, 'products/1/cs50005.png', '【型男卖点简介】该款凭借其独特的设计、精选的面料和一致的时尚理念，以质感都市，充满时尚感的设计风格， 简约毛呢大衣，修身不变形，不起球，国际大牌一样的面料！面料成分：77.8%聚酯纤维+22.2%粘纤 秋冬简约修身防静电呢风衣外套', 0, '2014-11-03 20:18:00', 5, 5, 3),
(47, '冬装外套棉衣立领修身商务大码男装潮牌上衣', 899, 358, 'products/1/cs50006.png', '【型男卖点简介】该款凭借其独特的设计、精选的面料和一致的时尚理念，以质感都市，充满时尚感的设计风格， 简约毛呢大衣，修身不变形，不起球，国际大牌一样的面料！面料成分：77.8%聚酯纤维+22.2%粘纤 秋冬简约修身防静电呢风衣外套', 1, '2014-11-03 20:18:00', 5, 5, 3),
(48, '冬装外套棉衣立领修身商务大码男装潮牌上衣', 899, 358, 'products/1/cs50007.png', '【型男卖点简介】该款凭借其独特的设计、精选的面料和一致的时尚理念，以质感都市，充满时尚感的设计风格， 简约毛呢大衣，修身不变形，不起球，国际大牌一样的面料！面料成分：77.8%聚酯纤维+22.2%粘纤 秋冬简约修身防静电呢风衣外套', 0, '2014-11-03 20:18:00', 5, 5, 3),
(49, '冬装外套棉衣立领修身商务大码男装潮牌上衣', 899, 358, 'products/1/cs50008.png', '【型男卖点简介】该款凭借其独特的设计、精选的面料和一致的时尚理念，以质感都市，充满时尚感的设计风格， 简约毛呢大衣，修身不变形，不起球，国际大牌一样的面料！面料成分：77.8%聚酯纤维+22.2%粘纤 秋冬简约修身防静电呢风衣外套', 0, '2014-11-03 20:18:00', 5, 5, 3),
(50, '冬装外套棉衣立领修身商务大码男装潮牌上衣', 899, 358, 'products/1/cs50009.png', '【型男卖点简介】该款凭借其独特的设计、精选的面料和一致的时尚理念，以质感都市，充满时尚感的设计风格， 简约毛呢大衣，修身不变形，不起球，国际大牌一样的面料！面料成分：77.8%聚酯纤维+22.2%粘纤 秋冬简约修身防静电呢风衣外套', 0, '2014-11-03 20:18:00', 5, 5, 3),
(51, '冬装外套棉衣立领修身商务大码男装潮牌上衣', 899, 358, 'products/1/cs50010.png', '【型男卖点简介】该款凭借其独特的设计、精选的面料和一致的时尚理念，以质感都市，充满时尚感的设计风格， 简约毛呢大衣，修身不变形，不起球，国际大牌一样的面料！面料成分：77.8%聚酯纤维+22.2%粘纤 秋冬简约修身防静电呢风衣外套', 1, '2014-12-07 20:18:00', 5, 2, 3),
(52, '商务修身羊毛呢子风衣 中长款呢大衣外套', 997, 299, 'products/1/cs60001.png', '冬装新品首发！大牌做工，顶级羊毛呢面料，穿着舒适保暖，冬季潮男必备品！新品预售价299元，预计涨到398！不要拿市场上那些低劣的毛呢大衣相比较，一分价钱一分货哦！买到就是赚到，支持7天无理由退换货，尺码不对，可享受免费换货！', 0, '2014-11-03 20:18:00', 6, 5, 3),
(53, '商务修身羊毛呢子风衣 中长款呢大衣外套', 997, 299, 'products/1/cs60002.png', '冬装新品首发！大牌做工，顶级羊毛呢面料，穿着舒适保暖，冬季潮男必备品！新品预售价299元，预计涨到398！不要拿市场上那些低劣的毛呢大衣相比较，一分价钱一分货哦！买到就是赚到，支持7天无理由退换货，尺码不对，可享受免费换货！', 1, '2014-11-03 20:18:00', 6, 5, 3),
(54, '商务修身羊毛呢子风衣 中长款呢大衣外套', 997, 299, 'products/1/cs60003.png', '冬装新品首发！大牌做工，顶级羊毛呢面料，穿着舒适保暖，冬季潮男必备品！新品预售价299元，预计涨到398！不要拿市场上那些低劣的毛呢大衣相比较，一分价钱一分货哦！买到就是赚到，支持7天无理由退换货，尺码不对，可享受免费换货！', 0, '2014-11-03 20:18:00', 6, 5, 3),
(55, '商务修身羊毛呢子风衣 中长款呢大衣外套', 997, 299, 'products/1/cs60004.png', '冬装新品首发！大牌做工，顶级羊毛呢面料，穿着舒适保暖，冬季潮男必备品！新品预售价299元，预计涨到398！不要拿市场上那些低劣的毛呢大衣相比较，一分价钱一分货哦！买到就是赚到，支持7天无理由退换货，尺码不对，可享受免费换货！', 0, '2014-11-03 20:18:00', 6, 5, 3),
(56, '商务修身羊毛呢子风衣 中长款呢大衣外套', 997, 299, 'products/1/cs60005.png', '冬装新品首发！大牌做工，顶级羊毛呢面料，穿着舒适保暖，冬季潮男必备品！新品预售价299元，预计涨到398！不要拿市场上那些低劣的毛呢大衣相比较，一分价钱一分货哦！买到就是赚到，支持7天无理由退换货，尺码不对，可享受免费换货！', 0, '2014-11-03 20:18:00', 6, 3, 3),
(57, '商务修身羊毛呢子风衣 中长款呢大衣外套', 997, 299, 'products/1/cs60006.png', '冬装新品首发！大牌做工，顶级羊毛呢面料，穿着舒适保暖，冬季潮男必备品！新品预售价299元，预计涨到398！不要拿市场上那些低劣的毛呢大衣相比较，一分价钱一分货哦！买到就是赚到，支持7天无理由退换货，尺码不对，可享受免费换货！', 1, '2014-12-07 22:18:00', 6, 5, 3),
(58, '商务修身羊毛呢子风衣 中长款呢大衣外套', 997, 299, 'products/1/cs60007.png', '冬装新品首发！大牌做工，顶级羊毛呢面料，穿着舒适保暖，冬季潮男必备品！新品预售价299元，预计涨到398！不要拿市场上那些低劣的毛呢大衣相比较，一分价钱一分货哦！买到就是赚到，支持7天无理由退换货，尺码不对，可享受免费换货！', 0, '2014-11-03 20:18:00', 6, 5, 3),
(59, '商务修身羊毛呢子风衣 中长款呢大衣外套', 997, 299, 'products/1/cs60008.png', '冬装新品首发！大牌做工，顶级羊毛呢面料，穿着舒适保暖，冬季潮男必备品！新品预售价299元，预计涨到398！不要拿市场上那些低劣的毛呢大衣相比较，一分价钱一分货哦！买到就是赚到，支持7天无理由退换货，尺码不对，可享受免费换货！', 0, '2014-11-03 20:18:00', 6, 5, 3),
(60, '商务修身羊毛呢子风衣 中长款呢大衣外套', 997, 299, 'products/1/cs60009.png', '冬装新品首发！大牌做工，顶级羊毛呢面料，穿着舒适保暖，冬季潮男必备品！新品预售价299元，预计涨到398！不要拿市场上那些低劣的毛呢大衣相比较，一分价钱一分货哦！买到就是赚到，支持7天无理由退换货，尺码不对，可享受免费换货！', 1, '2014-12-02 20:18:00', 6, 5, 4),
(61, '商务修身羊毛呢子风衣 中长款呢大衣外套', 997, 299, 'products/1/cs60010.png', '冬装新品首发！大牌做工，顶级羊毛呢面料，穿着舒适保暖，冬季潮男必备品！新品预售价299元，预计涨到398！不要拿市场上那些低劣的毛呢大衣相比较，一分价钱一分货哦！买到就是赚到，支持7天无理由退换货，尺码不对，可享受免费换货！', 0, '2014-11-03 20:18:00', 6, 5, 1),
(62, '韩版修身羽绒服加厚保暖可脱卸帽', 198, 83, 'products/1/cs70001.png', '羽绒棉服，保暖性比普通棉服高出3倍，价格合适，比羽绒服便宜3倍，超高性价比～～现亏本冲业绩，活动过后涨价为198元哦，亲们速抢～～！！', 1, '2014-11-03 20:18:00', 7, 5, 1),
(63, '韩版修身羽绒服加厚保暖可脱卸帽', 198, 83, 'products/1/cs70002.png', '羽绒棉服，保暖性比普通棉服高出3倍，价格合适，比羽绒服便宜3倍，超高性价比～～现亏本冲业绩，活动过后涨价为198元哦，亲们速抢～～！！', 1, '2014-11-03 20:18:00', 7, 5, 1),
(64, '韩版修身羽绒服加厚保暖可脱卸帽', 198, 83, 'products/1/cs70003.png', '羽绒棉服，保暖性比普通棉服高出3倍，价格合适，比羽绒服便宜3倍，超高性价比～～现亏本冲业绩，活动过后涨价为198元哦，亲们速抢～～！！', 0, '2014-11-03 20:18:00', 7, 5, 1),
(65, '韩版修身羽绒服加厚保暖可脱卸帽', 198, 83, 'products/1/cs70004.png', '羽绒棉服，保暖性比普通棉服高出3倍，价格合适，比羽绒服便宜3倍，超高性价比～～现亏本冲业绩，活动过后涨价为198元哦，亲们速抢～～！！', 1, '2014-11-03 20:18:00', 7, 5, 1),
(66, '韩版修身羽绒服加厚保暖可脱卸帽', 198, 83, 'products/1/cs70005.png', '羽绒棉服，保暖性比普通棉服高出3倍，价格合适，比羽绒服便宜3倍，超高性价比～～现亏本冲业绩，活动过后涨价为198元哦，亲们速抢～～！！', 0, '2014-11-03 20:18:00', 7, 5, 1),
(67, '韩版修身羽绒服加厚保暖可脱卸帽', 198, 83, 'products/1/cs70006.png', '羽绒棉服，保暖性比普通棉服高出3倍，价格合适，比羽绒服便宜3倍，超高性价比～～现亏本冲业绩，活动过后涨价为198元哦，亲们速抢～～！！', 1, '2014-11-03 20:18:00', 7, 5, 1),
(68, '韩版修身羽绒服加厚保暖可脱卸帽', 198, 83, 'products/1/cs70007.png', '羽绒棉服，保暖性比普通棉服高出3倍，价格合适，比羽绒服便宜3倍，超高性价比～～现亏本冲业绩，活动过后涨价为198元哦，亲们速抢～～！！', 1, '2014-12-04 20:18:00', 7, 4, 1),
(69, '韩版修身羽绒服加厚保暖可脱卸帽', 198, 83, 'products/1/cs70008.png', '羽绒棉服，保暖性比普通棉服高出3倍，价格合适，比羽绒服便宜3倍，超高性价比～～现亏本冲业绩，活动过后涨价为198元哦，亲们速抢～～！！', 1, '2014-11-03 20:18:00', 7, 5, 1),
(70, '韩版修身羽绒服加厚保暖可脱卸帽', 198, 83, 'products/1/cs70009.png', '羽绒棉服，保暖性比普通棉服高出3倍，价格合适，比羽绒服便宜3倍，超高性价比～～现亏本冲业绩，活动过后涨价为198元哦，亲们速抢～～！！', 0, '2014-11-03 20:18:00', 7, 5, 1),
(71, '韩版修身羽绒服加厚保暖可脱卸帽', 198, 83, 'products/1/cs70010.png', '羽绒棉服，保暖性比普通棉服高出3倍，价格合适，比羽绒服便宜3倍，超高性价比～～现亏本冲业绩，活动过后涨价为198元哦，亲们速抢～～！！', 1, '2014-11-03 20:18:00', 7, 3, 1),
(72, '女鞋', 198, 83, 'products/1/nvxie.jpg', '韩版女鞋...', 0, '2015-02-10 12:02:54', 9, 1, 1);

-- --------------------------------------------------------

--
-- 表的结构 `stock`
--

CREATE TABLE `stock` (
  `osid` int(11) NOT NULL,
  `num` int(11) DEFAULT NULL,
  `tocktime` datetime DEFAULT NULL,
  `username` varchar(255) DEFAULT NULL,
  `orderitem` int(11) DEFAULT NULL,
  `note` varchar(255) DEFAULT NULL
) ENGINE=InnoDB DEFAULT CHARSET=utf8;

--
-- 转存表中的数据 `stock`
--

INSERT INTO `stock` (`osid`, `num`, `tocktime`, `username`, `orderitem`, `note`) VALUES
(1, 1, '2016-12-01 00:00:00', '黄锋', 22, NULL),
(2, 1, '2016-12-23 23:38:44', 'luoling', 24, NULL),
(3, 0, '2016-12-24 00:00:00', '马云', 19, '全款付清'),
(4, 1, '2016-12-24 00:15:22', 'huangfeng', 17, NULL),
(5, 1, '2016-12-24 00:15:23', 'huangfeng', 18, NULL),
(6, 1, '2016-12-24 00:22:58', 'lisi', 50, NULL),
(7, 1, '2016-12-24 00:23:09', 'zhangsan', 43, NULL),
(8, 1, '2016-12-24 00:23:09', 'zhangsan', 44, NULL),
(9, 1, '2016-12-24 00:23:22', 'luoling', 33, NULL),
(10, 1, '2016-12-24 00:23:22', 'luoling', 34, NULL),
(11, 1, '2016-12-24 00:23:23', 'luoling', 35, NULL),
(12, 0, '2016-12-24 06:24:44', '张三', 28, NULL),
(13, 0, '2016-12-24 09:01:44', '张三', 20, NULL),
(16, 0, '2016-12-23 19:01:44', '张三', 25, NULL),
(17, 1, '2016-12-24 01:45:15', '张三', 45, NULL);

-- --------------------------------------------------------

--
-- 表的结构 `supplier`
--

CREATE TABLE `supplier` (
  `SID` int(11) NOT NULL,
  `SNAME` varchar(255) DEFAULT NULL,
  `LINMAN` varchar(255) DEFAULT NULL,
  `POST` varchar(255) DEFAULT NULL,
  `PHONE` varchar(255) DEFAULT NULL,
  `EMAIL` varchar(255) DEFAULT NULL
) ENGINE=InnoDB DEFAULT CHARSET=utf8 ROW_FORMAT=DYNAMIC;

--
-- 转存表中的数据 `supplier`
--

INSERT INTO `supplier` (`SID`, `SNAME`, `LINMAN`, `POST`, `PHONE`, `EMAIL`) VALUES
(1, '重庆朝天门批发市场', '朝天椒', '经理', '13110452525', 'caotianjiao@qq.com'),
(2, '阿里巴巴有限公司', '马云', '总裁', '18883214521', 'mayun@qq.com'),
(3, '京东有限公司', '刘强东', '经理', '1333023546', 'xiaoliu@qq.com'),
(4, '万达集团', '王健林', 'CEO', '88886666', 'xiaowang@163.com');

-- --------------------------------------------------------

--
-- 表的结构 `user`
--

CREATE TABLE `user` (
  `uid` int(11) NOT NULL,
  `username` varchar(255) DEFAULT NULL,
  `password` varchar(255) DEFAULT NULL,
  `name` varchar(255) DEFAULT NULL,
  `email` varchar(255) DEFAULT NULL,
  `phone` varchar(255) DEFAULT NULL,
  `addr` varchar(255) DEFAULT NULL,
  `state` int(11) DEFAULT NULL,
  `code` varchar(64) DEFAULT NULL
) ENGINE=InnoDB DEFAULT CHARSET=utf8;

--
-- 转存表中的数据 `user`
--

INSERT INTO `user` (`uid`, `username`, `password`, `name`, `email`, `phone`, `addr`, `state`, `code`) VALUES
(7, 'huangfeng', '123456', '黄锋', '1046799362@qq.com', '18996122464', '重庆工商大学主校区', 1, ''),
(8, 'luoling', '123456', '罗铃', 'bbb@shop.com', '18580767267', '重庆市江津区吴滩镇', 1, ''),
(9, 'zhangsan', '123456', '张三', 'zhangsan@qq.com', '111020202', '北京市', 1, NULL),
(10, 'lisi', '123456', '李四', 'lisi@qq.com', '1384656892', '上海市', 1, NULL);

--
-- Indexes for dumped tables
--

--
-- Indexes for table `adminuser`
--
ALTER TABLE `adminuser`
  ADD PRIMARY KEY (`uid`);

--
-- Indexes for table `cartitem`
--
ALTER TABLE `cartitem`
  ADD PRIMARY KEY (`cartitemid`),
  ADD KEY `FKE6C2AB6171DB7AE4` (`pid`),
  ADD KEY `FKE8B23V5140ACF87A` (`uid`);

--
-- Indexes for table `category`
--
ALTER TABLE `category`
  ADD PRIMARY KEY (`cid`);

--
-- Indexes for table `categorysecond`
--
ALTER TABLE `categorysecond`
  ADD PRIMARY KEY (`csid`),
  ADD KEY `FK936FCAF21DB1FD15` (`cid`);

--
-- Indexes for table `orderitem`
--
ALTER TABLE `orderitem`
  ADD PRIMARY KEY (`itemid`),
  ADD KEY `FKE8B2AB6171DB7AE4` (`pid`),
  ADD KEY `FKE8B2AB6140ACF87A` (`oid`);

--
-- Indexes for table `orders`
--
ALTER TABLE `orders`
  ADD PRIMARY KEY (`oid`),
  ADD KEY `FKC3DF62E5AA3D9C7` (`uid`),
  ADD KEY `FK_jwru55u6vjq9s8jhuhq5v5u68` (`USER`);

--
-- Indexes for table `product`
--
ALTER TABLE `product`
  ADD PRIMARY KEY (`pid`),
  ADD KEY `FKED8DCCEFB9B74E02` (`csid`),
  ADD KEY `FK_7ge6q36q0867kl0keqyk8rugd` (`supplier`);

--
-- Indexes for table `stock`
--
ALTER TABLE `stock`
  ADD PRIMARY KEY (`osid`),
  ADD KEY `FK_6hv1q8p8x1o0ljxvldlvt8wel` (`orderitem`);

--
-- Indexes for table `supplier`
--
ALTER TABLE `supplier`
  ADD PRIMARY KEY (`SID`);

--
-- Indexes for table `user`
--
ALTER TABLE `user`
  ADD PRIMARY KEY (`uid`);

--
-- 在导出的表使用AUTO_INCREMENT
--

--
-- 使用表AUTO_INCREMENT `adminuser`
--
ALTER TABLE `adminuser`
  MODIFY `uid` int(11) NOT NULL AUTO_INCREMENT, AUTO_INCREMENT=5;
--
-- 使用表AUTO_INCREMENT `cartitem`
--
ALTER TABLE `cartitem`
  MODIFY `cartitemid` int(11) NOT NULL AUTO_INCREMENT, AUTO_INCREMENT=71;
--
-- 使用表AUTO_INCREMENT `category`
--
ALTER TABLE `category`
  MODIFY `cid` int(11) NOT NULL AUTO_INCREMENT, AUTO_INCREMENT=11;
--
-- 使用表AUTO_INCREMENT `categorysecond`
--
ALTER TABLE `categorysecond`
  MODIFY `csid` int(11) NOT NULL AUTO_INCREMENT, AUTO_INCREMENT=41;
--
-- 使用表AUTO_INCREMENT `orderitem`
--
ALTER TABLE `orderitem`
  MODIFY `itemid` int(11) NOT NULL AUTO_INCREMENT, AUTO_INCREMENT=56;
--
-- 使用表AUTO_INCREMENT `product`
--
ALTER TABLE `product`
  MODIFY `pid` int(11) NOT NULL AUTO_INCREMENT, AUTO_INCREMENT=82;
--
-- 使用表AUTO_INCREMENT `stock`
--
ALTER TABLE `stock`
  MODIFY `osid` int(11) NOT NULL AUTO_INCREMENT, AUTO_INCREMENT=18;
--
-- 使用表AUTO_INCREMENT `supplier`
--
ALTER TABLE `supplier`
  MODIFY `SID` int(11) NOT NULL AUTO_INCREMENT, AUTO_INCREMENT=5;
--
-- 使用表AUTO_INCREMENT `user`
--
ALTER TABLE `user`
  MODIFY `uid` int(11) NOT NULL AUTO_INCREMENT, AUTO_INCREMENT=11;
--
-- 限制导出的表
--

--
-- 限制表 `cartitem`
--
ALTER TABLE `cartitem`
  ADD CONSTRAINT `FKE6C2AB6171DB7AE4` FOREIGN KEY (`pid`) REFERENCES `product` (`pid`),
  ADD CONSTRAINT `FKE8B23V5140ACF87A` FOREIGN KEY (`uid`) REFERENCES `user` (`uid`);

--
-- 限制表 `categorysecond`
--
ALTER TABLE `categorysecond`
  ADD CONSTRAINT `FK936FCAF21DB1FD15` FOREIGN KEY (`cid`) REFERENCES `category` (`cid`);

--
-- 限制表 `orderitem`
--
ALTER TABLE `orderitem`
  ADD CONSTRAINT `FKE8B2AB6140ACF87A` FOREIGN KEY (`oid`) REFERENCES `orders` (`oid`),
  ADD CONSTRAINT `FKE8B2AB6171DB7AE4` FOREIGN KEY (`pid`) REFERENCES `product` (`pid`);

--
-- 限制表 `orders`
--
ALTER TABLE `orders`
  ADD CONSTRAINT `FKC3DF62E5AA3D9C7` FOREIGN KEY (`uid`) REFERENCES `user` (`uid`),
  ADD CONSTRAINT `FK_jwru55u6vjq9s8jhuhq5v5u68` FOREIGN KEY (`USER`) REFERENCES `user` (`uid`);

--
-- 限制表 `product`
--
ALTER TABLE `product`
  ADD CONSTRAINT `FKED8DCCEFB9B74E02` FOREIGN KEY (`csid`) REFERENCES `categorysecond` (`csid`),
  ADD CONSTRAINT `FK_7ge6q36q0867kl0keqyk8rugd` FOREIGN KEY (`supplier`) REFERENCES `supplier` (`SID`);

--
-- 限制表 `stock`
--
ALTER TABLE `stock`
  ADD CONSTRAINT `FK_6hv1q8p8x1o0ljxvldlvt8wel` FOREIGN KEY (`orderitem`) REFERENCES `orderitem` (`itemid`);

/*!40101 SET CHARACTER_SET_CLIENT=@OLD_CHARACTER_SET_CLIENT */;
/*!40101 SET CHARACTER_SET_RESULTS=@OLD_CHARACTER_SET_RESULTS */;
/*!40101 SET COLLATION_CONNECTION=@OLD_COLLATION_CONNECTION */;
